{
  "amount_mean": 100.13675989177295,
  "amount_std": 19.62506494723706,
  "label_rate": 0.508,
  "row_count": 500
}